Título,Autores
NOVAS RELAÇÕES SOBRE VULNERABILIDADE DE REDES,"Carla Silva Oliveira, Nair Maria Maia de Abreu"
ALGORITMOS RANDÔMICOS PARA A GERAÇÃO DE ORIENTAÇÕES ACÍCLICAS EM SISTEMAS DISTRIBUÍDOS,"Gladstone M. Arantes Jr, Felipe M. G. França, Carlos A. Martinhon"
METODOLOGIA PARA O CÁLCULO DA COMPLEXIDADE DE ALGORITMOS E O PROCESSO DE AVALIAÇÃO DAS EQUAÇÕES DE COMPLEXIDADE,"Marco Antonio de Castro Barbosa, Laira Vieira Toscani, Leila Ribeiro"
RELIABILITY MAXIMIZATION FOR NETWORKS WITH PATH-LENGTH CONSTRAINTS,"Pablo Burgos, Héctor Cancela, Alfredo Godoy, Louis Petingi"
A UTILIZAÇÃO DA FERRAMENTA ANAC PARA O CÁLCULO AUTOMÁTICO DE COMPLEXIDADE DE ALGORITMOS,"Marco Antonio de Castro Barbosa, Laira Vieira Toscani, Leila Ribeiro"
USO DE TRAÇADO AUTOMÁTICO NA VISUALIZAÇÃO DE REDES,"Wagner Arbex, Lílian Markenzon"
APLICAÇÃO DO ALGORITMO DE DIJKSTRA PARA OTIMIZAÇÃO DE ROTAS NA UNIVERSIDADE DO VALE DO RIO DOS SINOS,"Leandro Toss Hoffmann, Antonio Gabriel Rodrigues, Ari Stopassola Junior, Arthur Tórgo Gómez"
PROJETO E MODELAGEM ORIENTADA A OBJETOS PARA O SISTEMA SISGRAFO,"Augusto Wagner de Castro Palhano, Marcos José Negreiros Gomes"
ALGORITMO EXATO PARA O NÚMERO CROMÁTICO HARMONIOSO,Milène Maria Drumond Pimenta
THE MINIMIZATION OF TOOL SWITCHES PROBLEM AS A NETWORK FLOW PROBLEM WITH SIDE CONSTRAINTS,"Horacio Hideki Yanasse, Maria José Pinto"
PARAMETROS ESPECTRAIS EM GRAFOS PONTUALMENTE DENSOS,"Carla Silva Oliveira, Nair Maria Maia de Abreu"
GERAGRAFO: UM SISTEMA PARA GERAÇÃO MANUAL E AUTOMÁTICA DE GRAFOS,"Fábio Rimola da Cruz Mano, Lilian Markenzon, Oswaldo Vernet"
GERAÇÃO DE EXTENSÕES SEMIORDENS E INTERVALARES DE UMA ORDENAÇÃO PARCIAL,"Aquiles Braga de Queiroz, Jayme Luiz Szwarcfiter"
Algoritmo para determinar o Dual Geométrico Fraco em Grafos Periplanares Biconexos,"Iuri Locatelli Vieira, Claudia Marcela Justel"
GRAFOS CORDAIS E ÁRVORES DE ELIMINAÇÃO,"Maximiliano Pinto Damas, Claudia Marcela Justel"
COMPACTAÇÃO DE DADOS COM DETEÇÃO DE ERROS,"Paulo E. D. Pinto, Fábio Protti, Jayme L. Szwarcfiter"
UMA REPRESENTAÇÃO PARA PARES-MODULARES DE UM GRAFO,"Sulamita Klein, Noemi C. dos Santos, Jayme L. Szwarcfiter"
On H-partition problems,"Simone Dantas, Celina M. H. de Figueiredo, Sylvain Gravier, Sulamita Klein"
"EXTENSÃO-(0,) e-(1,) DE GRAFOS CORDAIS","Pavol Hell, Sulamita Klein, Loana T. Nogueira, Fábio Protti"
"INVARIANTES DE GRAFOS EM CLASSES (a,b)-LINEARES","Carla Silva Oliveira, Nair Maria Maia de Abreu"
GRAFOS MAXIMALMENTE NÃO REGULARES,Paulo Oswaldo Boaventura Netto
ADAPTAÇÃO DE UM ALGORITMO DE CAMINHO MÍNIMO EM GRAFOS COM CUSTOS NOS ARCOS E RESTRIÇÕES DE TEMPO FUZZY,"Fábio Hernandes, Marcia Tomie Takahashi"
ALOCAÇÃO DE DOCENTES A DISCIPLINAS EM UM DEPARTAMENTO: UMA APLICAÇÃO DO PROBLEMA DO B-ACOPLAMENTO,"Paulo Jorge Magalhães Teixeira, Valdir Agustinho de Melo, Paulo Oswaldo Boaventura Netto"
SOBRE A GERAÇÃO ALEATÓRIA DE GRAFOS NÃO-ORIENTADOS,"Oswaldo Vernet, Lilian Markenzon, Newton Paciornik"
METODOLOGIA ORIENTADA A OBJETOS PARA VISUALIZAÇÃO RÁPIDA DE GRAFOS NÃO-DIRIGIDOS A PARTIR DA LISTA DE ARESTAS,"Alexandre de Assis Mota, Lia Toledo Moreira Mota, André Luiz Morelato França"
METODOLOGIA ORIENTADA A OBJETOS PARA CONSTRUÇÃO AUTOMÁTICA DE GRAFOS CPM/PERT,"Alexandre de Assis Mota, Lia Toledo Moreira Mota, André Luiz Morelato França"
UM ESTUDO SOBRE O PROBLEMA DA ÁRVORE GERADORA MÍNIMA COM ESTRUTURA DO GRAFO FUZZY,"Márcia Tomie Takahashi, Akebo Yakamami"
CARACTERIZAÇÃO DO CONJUNTO EQUILIBRADOR PARA GRAFOS COM GAP NULO,"Maximiliano Pinto Damas, Lilian Markenzon, Nair Maria Maia de Abreu"
USO DA SIMILARIDADE ENTRE CAMINHOS PARA O PROBLEMA DE CAMINHO MÍNIMO COM PARAMETROS FUZZY,"Fábio Hernandes, Akebo Yamakami, Marcia Tomie Takahashi"
CÓDIGO REDUZIDO DE PRÜFER PARA K-ÁRVORES ROTULADAS,"Paulo Renato da Costa Pereira, Lilian Markenzon, Oswaldo Vernet"
DETERMINAÇÃO DE VERTEX SEPARATION PARA ÁRVORES BINÁRIAS CHEIAS,"S. K. Kawasaki, C. M. Justel"
"OBSTRUÇÕES DE COGRAFOS-(K, L)","Raquel de Souza Francisco, Sulamita Klein, Loana T. Nogueira"
UMA REPRESENTAÇÃO PARA PARES-MODULARES DE GRAFOS P4- REDUTÍVEIS,"Sulamita Klein, Noemi C. dos Santos, Jayme L. Szwarcfiter"
CICLOS MINIMAIS EM GRAFOS DE KNESER,Samuel Jurkiewicz
DISTRIBUIÇÃO DE CABINES DE SEGURANÇA EM PARTE DO BAIRRO DO LEBLON NA CIDADE DO RIO DE JANEIRO,"Roberta Almeida Pereira, Leonardo Claro Garcia, Valdir Agustinho de Melo, Paulo Jorge Magalhães Teixeira, Paulo Oswaldo Boaventura Netto, Samuel Jurkiewicz"
PARTIÇÃO DE GRAFOS EM CIRCUITOS FECHADOS,Gilcina Guimarães Machado
DETERMINAÇÃO EFICIENTE DE VÉRTICES SIMPLICIAIS EM GRAFOS CORDAIS,"Lilian Markenzon, Oswaldo Vernet, Paulo Renato da Costa Pereira"
UM ALGORITMO PARA O PROBLEMA DE FLUXO MÁXIMO EM REDES COM INCERTEZAS,"Fábio Hernandes, Akebo Yamakami, Márcia Tomie Takahashi, José Luis Verdegay"
"ALGUNS GRAFOS BEM-COBERTOS LIVRES DE K_{1,3}","Márcia R. Cappelle Santana, Rommel Melgaço Barbosa"
ALGUNS PROBLEMAS SOBRE CONJUNTOS INDEPENDENTES EM GRAFOS,"Karla Roberta P. do Nascimento, Rommel M. Barbosa"
CONJECTURAS GERADAS AUTOMATICAMENTE PELO SISTEMA AUTOGRAPHIX: PROVAS DE ALGUMAS DESIGUALDADES PARA O ÍNDICE DA MATRIZ LAPLACIANA SEM SINAL,"Nair Maria Maia de Abreu, Carla Silva Oliveira, Leonardo Silva de Lima"
UMA NOVA FORMULAÇÃO PARA O PROBLEMA DE CORRESPONDÊNCIA DE GRAFOS,"Renato Gonçalves de Lanes, Maria Claudia Silva Boeres"
Análise do comportamento da resolução do PQA através de instâncias isomorfas,"Ricardo de Magalhães Simões, Maria Cristina Rangel"
UMA HEURÍSTICA PARA O RECONHECIMENTO DE GRAFOS ISOMORFOS VIA O PROBLEMA QUADRÁTICO DE ALOCAÇÃO,"Valdir Agustinho de Melo, Denis Silva da Silveira, Laura Silvia Bahiense da Silva Leite, Nair Maria Maia de Abreu"
Colouring the maximal cliques of graphs with few P4's,"Sulamita Klein, Aurora Morgana"
UMA CARACTERIZAÇÃO DE GRAFOS CAMINHO-COMPLETO,"Lilian Markenzon, Nair Maria Maia de Abreu, Maximiliano Pinto Damas, Paulo Renato da Costa Pereira"
Largura em Árvore de Grafos Planares Livres de Ciclos Pares Induzidos,"Aline Alves da Silva, Ana Silva, Cláudia Linhares Sales"
Teorema de Hajós para Coloração Ponderada,"Júlio César Silva Araújo, Cláudia Linhares Sales"
O PROBLEMA DE COLORAÇÃO EM GRAFOS FUZZY,Fábio Hernandes
Maximização de quebras em torneios Round Robin simples,"Sebastián Urrutia, André Cardoso de Souza, Pedro Stancioli, Celso C. Ribeiro"
Edge search number para grafos com muitas simetrias,"R. T. Paulino, R. P. Paes Leme, T. S. Pereira, C. M. Justel"
UMA SOLUÇÃO PARA O PROBLEMA DA ÁRVORE GERADORA MÍNIMA EUCLIDIANA UTILIZANDO TRIANGULAÇÃO DE DELAUNAY,"Daniel R. Trindade, Eduardo Zambon, Maria Claudia S. Boeres, Flávio M. Varejão"
Enumeration of r-Modular Trees,"Guilherme Oliveira Mota, Paulo César Linhares, Rafael Castro de Andrade"
GRAFOS BALANCEADOS E REGULARIDADE,"Nair Maria Maia de Abreu, Maximiliano Pinto Damas, Lilian Markenzon"
AN ANALYSIS OF GOMORY-HU CUT-TREES RELATIONSHIP,"D. Barth, P. Berthomé, M. Diallo"
Uma nova abordagem do algoritmo de Emparelhamento Máximo de Kameda e Munro,"André da Cunha Ribeiro, Diane Castonguay"
UM ALGORITMO PARA O PROBLEMA DE FLUXO DE CUSTO MÍNIMO COM INCERTEZAS,"Fábio Hernandes, João Paulo Minoru Kobayashi Katayama, Felipe Ribas Forbeck"
Coloração Equilibrada dos Grafos Impares,"Samuel Jurkiewicz, Milene Pimenta"
ANÁLISE DE RESULTADOS OBTIDOS PELA HEURÍSTICA ESPECTRAL PARA O PROBLEMA LARGURA DE BANDA EM CLASSES DE CATERPILLARS.,"Daniel Gomes, Claudia Marcela Justel"
PARTIÇÃO FLORESTA-CLIQUE DE COGRAFOS,"Synara Pereira Brito, Sulamita Klein, Loana Tito Nogueira, Fábio Protti"
GRAFOS QUE MODELAM REDES CONFIÁVEIS,"Leandro da Silva Teixeira, Leonardo Silva de Lima, Nair Maria Maia de Abreu"
"Limite superior para L(2,1)-coloração de grafos bipartidos cordais","Márcia Rosana Cerioli, Daniel Fabio Domingues Posner"
SPREAD DE MATRIZES ASSOCIADAS A GRAFOS,"Carla Oliveira, Claudia Justel, Leonardo Lima, Nair Abreu"
ALGORITMO PARA A RESOLUÇÃO DO PROBLEMA DE FLUXO MULTIPRODUTO FUZZY,"Juliana Verga, Jussara Rodrigues Ciappina, Akebo Yamakami"
"Caracterização e reconhecimento dos cografos-(k, l)","Raquel Bravo, Sulamita Klein, Loana Nogueira, Fábio Protti"
COLORAÇÃO DE VÉRTICES COM FOLGA,"Abel R. G. Lozano, Clícia V. P. Friedmann, Christina F. E. M. Waga, Lilian Markenzon"
"UMA PARTIÇÃO DO CONJUNTO DOS GRAFOS CONEXOS DE ORDEM n EM CLASSES DE GRAFOS (a, b)-LINEARES","Patricia Erthal de Moraes, Christine Sertã Costa, Nair Maria Maia de Abreu, Andréa Soares Bonifácio, Cybele T. M. Vinagre"
DETERMINAÇÃO DO ROTEAMENTO DOS ATENDIMENTOS DE UMA EMPRESA DE COMERCIALIZAÇÃO AGRÍCOLA – VARIAÇÕES DE SOLUÇÕES HEURÍSTICAS,"Adriano Vitor, Arinei Carlos Lindbeck da Silva, Luzia Vidal de Souza"
ADAPTAÇÕES DOS ALGORITMOS DE DIJKSTRA E FORD-MOORE-BELLMAN PARA O PROBLEMA DO CAMINHO MÍNIMO COM INCERTEZAS,"Fábio Hernandes, Wagner Santos de Oliveira"
All pairs 2-route flows and varying capacities,"Madiagne Diallo, Serigne Gueye, Pascal Berthomé"
UNA PROPUESTA DE OPTIMIZACIÓN EN EL PROCESO DE COSECHA DE MANZANAS,"Marcela Cecilia González-Araya, Luis G. Acosta Espejo, Marcela Ferreira"
O Uso do Modelo de Programação Matemática na Inferência Estatística,"Alane Alves Silva, Fernando Menezes Campello de Souza"
UM ALGORITMO EFICIENTE PARA COLORAÇÃO DE ARESTAS BASEADO NO TEOREMA DE VIZING,"Tiago de Oliveira Januario, Sebastián Urrutia"
Roteamento ótimo das linhas de ônibus internas do campus UFRJ-Fundão,"Beatriz Malajovich, Claudio Santos de Souza, Uéverton dos Santos Souza, Paulo Oswaldo Boaventura-Netto, Samuel Jurkiewicz"
FAMÍLIAS DE GRAFOS NÃO HIPERENERGÉTICOS,"Maria Aguieiras A. de Freitas, Andréa Soares Bonifácio, Cybele T. M. Vinagre"
HEURÍSTICAS BASEADAS NO ALGORITMO DE COLORAÇÃO DE GRAFOS PARA O PROBLEMA DE ALOCAÇÃO DE SALAS EM UMA INSTITUIÇÃO DE ENSINO SUPERIOR,"Douglas José da Silva, Geiza Cristina da Silva"
SPREAD VERSUS NÚMERO CROMÁTICO DE UM GRAFO,"Aroldo José de Oliveira, Leonardo Silva de Lima, Nair Maria Maia de Abreu"
Partição dos grafos P4-tidy em conjuntos independentes e cliques,"Raquel Bravo, Sulamita Klein, Loana Nogueira, Fábio Protti"
GRAFOS COM CONECTIVIDADE DE ARESTAS IGUAL A 2 CAPAZES DE MODELAR REDES CONFIÁVEIS,"Leandro da Silva Teixeira, Nair Maria Maia de Abreu, Leonardo da Silva Lima"
"Coloração harmônica de (q,q-4)-grafos conexos","C. Linhares Sales, N. Martins, R. Sampaio"
b-coloração de grafos com poucos P4's,"V. Campos, C. Linhares Sales, A. Maia, R. Sampaio"
Estudo Experimental de Algoritmos em Tempo Real de Caminho Mínimo Ponto a Ponto em Grafos Dinâmicos,"Leonardo Moura, Marcus Ritt, Luciana S. Buriol"
ADAPTAÇÃO DO ALGORITMO DE FORD-MOORE-BELLMAN PARA O PROBLEMA DE CAMINHO MÍNIMO FUZZY COM RESTRIÇÕES DE TEMPO,"Fábio Hernandes, Wagner Santos de Oliveira"
Teoria Espectral de Grafos Aplicada ao Problema de Isomorfismo de Grafos,"Philippe Leal Freire dos Santos, Maria Cristina Rangel, Maria Claudia Silva Boeres"
GENERALIZED st-NUMBERING FOR SIMPLY CONNECTED GRAPHS,"Letícia Rodrigues Bueno, Rodrigo de Alencar Hausen, Candido Ferreira Xavier Mendonça"
Partição dos grafos P4-laden em conjuntos independentes e cliques,"Raquel Bravo, Sulamita Klein, Samuel Nascimento, Loana Nogueira, Fábio Protti, Rudini Sampaio"
UMA REPRESENTAÇÃO COMPACTA PARA GRAFOS CORDAIS,"Clícia V. P. Friedmann, Abel R. G. Lozano, Lilian Markenzon, Paulo Renato da Costa Pereira, Christina F. E. M. Waga"
MEDIDAS DE CENTRALIDADE E DETECÇÃO DE COMUNIDADES EM REDE DE CO-AUTORIA,"Diego Andrés de Barros Lima Barbosa, Leonardo Borges Avelino, Rarylson Freitas de Souza, Camila Cristina Gomes Ferreira de Oliveira, Claudia Justel"
GRAFOS EXTREMAIS PARA IRREGULARIDADE SÃO NÃO-BALANCEADOS?,"Joelma Ananias de Oliveira, Carla Oliveira, Claudia Justel, Nair Maria Maia de Abreu"
PERTUBAÇÕES EM GRAFOS E SEUS EFEITOS SOBRE A CONECTIVIDADE ALGÉBRICA,"Márcia Bengio de Albuquerque, Leonardo Silva de Lima, Carla Silva Oliveira"
O Teorema de Helly Colorido e Hipergrafos Gerais,"Rommel Melgaço Barbosa, Erika Morais Martins Coelho, Mitre Costa Dourado, Jayme Luiz Szwarcfiter"
"Um algoritmo FPT para o problema da L(2,1)-coloração","Márcia R. Cerioli, Nicolas A. Martins, Daniel F. D. Posner, Rudini Sampaio"
Uma caracterização dos grafos com número cromático orientado 3 e sobre o número cromático orientado de união de grafos,"Hebert Coelho da Silva, Sylvain Gravier, Luerbio Faria, Sulamita Klein"
AN ADAPTED POWER METHOD FOR EIGENVECTOR COMPUTING APPLIED TO A GRAPH ISOMORPHISM ALGORITHM,"Marcos Daniel Valadão Baroni, Maria Claudia Silva Boeres, Maria Cristina Rangel"
UM ALGORITMO HEURÍSTICO DE COMPLEXIDADE LINEAR PARA PLANARIZAÇÃO DE GRAFOS POR REMOÇÃO DE VÉRTICES,"Ademir Aparecido Constantino, Candido F. X. de Mendonca, Rodrigo Lankaites Pinheiro"
O Uso de Autocentralidades na Resolução do Problema de Isomorfismo de Grafos Regulares,"Diego Barcelos Rodrigues, Maria Cristina Rangel, Maria Claudia Silva Boeres"
"GRAFO K-SUPORTE, PRODUTO FUNCIONAL E COLORAÇÃO TOTAL EQUILIBRADA EM GRAFOS REGULARES","Abel Rodolfo Garcia Lozano, Angelo Santos Siqueira, Clícia Valladares Peixoto Friedmann, Samuel Jurkiewicz"
ALGORITMO DETERMINÍSTICO PARA RESOLVER EL PROBLEMA DEL TOUR ABIERTO DEL CABALLO SOBRE TABLEROS DE AJEDREZ n x n,"David Álvarez-Martínez, Rubén Augusto Romero Lázaro"
Inundação em Grafos,"Uéverton dos Santos Souza, Fábio Protti, Maise Dantas da Silva"
Partição Clique-Floresta dos grafos P4-laden estendidos,"Raquel Bravo, Sulamita Klein, Loana Nogueira"
COMPLETE COMMON NEIGHBORHOOD GRAPHS,"Andréa Soares Bonifácio, Romulo R. Rosa, Ivan Gutman, Nair Maria Maia de Abreu"
DYNAGRAPH: Um Modelo de Edição e Representação de Grafos Dinâmicos,"Anderson Calixto, Marcos Negreiros"
"Nonrepetitive, acyclic and clique colorings of graphs with few P4's","Eurinardo Rodrigues Costa, Rennan Ferreira Dantas, Rudini Menezes Sampaio"
Propriedades Espectrais dos Grafos do tipo Aranha,"Renata R. Del-Vecchio, Atila Arueira Jones"
UMA GENERALIZAÇÃO DE GRAFOS CAMINHO E LEQUE: O ESTUDO DA SUBCOLORAÇÃO,"Lilian Markenzon, Christina F. E. M. Waga"
SOBRE O PROBLEMA AUMENTO MÁXIMO DE CONECTIVIDADE ALGÉBRICA,"Camila Cristina Gomes Ferreira de Oliveira, Claudia Marcela Justel, Stanley Rodrigues"
ON CIRCULAR-ARC GRAPHS HAVING A MODEL WITH NO THREE ARCS COVERING THE CIRCLE,"Luciano Noberto Grippo, Martín Darío Safe"
IMPLEMENTAÇÕES PARALELAS PARA FECHO TRANSITIVO,"Raphael de Aquino Gomes, Elisângela Silva Dias, Márcia Rodrigues Cappelle Santana, Edson Norberto Cáceres, Wellington Santos Martins"
ALGORITMO PARA O PROBLEMA DE FLUXO MÁXIMO MULTITERMINAL,"João Paulo de Freitas Araujo, Fernanda Maria Pereira Raupp, Madiagne Diallo"
AN EDGE COLORING HEURISTIC BASED ON VIZING'S THEOREM,"Tiago Januario, Sebastián Urrutia"
"A complexidade do problema sanduíche para grafos fortemente cordais-(2,1)","Fernanda Couto, Luerbio Faria, Sulamita Klein"
SOBRE A CONECTIVIDADE ALGÉBRICA EM UMA SUBCLASSE DAS ÁRVORES DE TIPO II,"Claudia M. Justel, Stanley Rodrigues, Thiago de Paula Vasconcelos"
Problema de redes de transporte multimodal: uma abordagem utilizando a teoria dos conjuntos fuzzy,"Juliana Verga Shirabayashi, Akebo Yamakami, Ricardo Coelho Silva, Wesley Vagner Inês Shirabayashi"
GRAPH ANALYSIS FOR SPACE-TIME CLUSTER DETECTION,Marcelo Azevedo Costa
"Sobre os espectros das matrizes laplaciana, laplaciana normalizada e laplaciana sem sinal de um grafo","André Ebling Brondani, Andrea Soares Bonifácio, Carla Silva Oliveira, Nair Maria Maia de Abreu"
ALGUNS RESULTADOS EM GRAFOS PTOLEMAICOS,"Lilian Markenzon, Christina F. E. M. Waga"
UM ALGORITMO (1/2)-APROXIMATIVO PARA O PROBLEMA DO MÁXIMO SUBGRAFO ACÍCLICO SOB RESTRIÇÕES DISJUNTIVAS NEGATIVAS,"Sílvia Maria Santana Mapa, Sebastián Urrutia"
Algoritmos e Complexidade para Dois Jogos de Blocos,"André Castro Ramos, Rudini Sampaio"
Um Algoritmo Paralelo para o Problema de Caminhos Hamiltonianos em Grafos Kneser,"Andréia C. S. Gusmão, Letícia R. Bueno, Rodrigo A. Hausen"
A Complexidade do Problema do Corte Máximo para Grafos Fortemente Cordais,"Rubens Sucupira, Luerbio Faria, Sulamita Klein"
On the sum of the two largest signless Laplacian eigenvalues,"Paula Rama, Maria Paula Carvalho, Carla Oliveira, Leonardo de Lima"
Estudando a integralidade de grafos Hp-broom-like.,"Laura Patuzzi, Maria Aguieiras A. de Freitas, Renata Raposo Del-Vecchio"
HEURÍSTICA EFICIENTE PARA O PASSEIO ABERTO DO CAVALO A PARTIR DE CASAS ARBITRÁRIAS EM TABULEIROS QUADRADOS,"Vitor Silva Costa, Vinícius Gusmão Pereira de Sá"
Coloração orientada de grafos com grau máximo 3,"Hebert Coelho, Luerbio Faria, Sylvain Gravier, Sulamita Klein"
CICLOS E CAMINHOS LONGOS EM GRAFOS ÍMPARES,"Felipe de Campos Mesquita, Letícia Rodrigues Bueno"
Uma Heurística Baseada em Coloração de Arestas para o Problema de Programação de Tabelas para Competições Esportivas,"Tiago Januario, Sebastián Urrutia"
O Problema de Alocação de Tutores em Aplicações de Provas,"Frederico Sousa Epifanio, Eduardo Ogasawara, Jorge Soares, Myrna Amorim, Uéverton dos Santos Souza"
Conexão de Terminais com Número Restrito de Roteadores e Elos,"Mitre C. Dourado, Rodolfo A. Oliveira, Fábio Protti, Uéverton S. Souza"
$M_{3\times3}$-OBSTRUÇÃO MINIMAL DE COGRAFOS,"Raquel Bravo, Loana Nogueira, Fábio Protti, Clautenis Viana"
ÁRVORES DE DIÂMETRO 3 COM MENOR AUTOVALOR NÃO PRINCIPAL,"Francisca A. M. França, Cybele T. M. Vinagre, Nair M. M. de Abreu"
O número de Helly na convexidade geodética,"Moisés Teles Carvalho Junior, Mitre Costa Dourado, Jayme Luiz Szwarcfiter"
"A complexidade do problema sanduíche para grafos fortemente cordais-(k, l) e cordais-(k, l)","Fernanda Couto, Luerbio Faria, Sulamita Klein"
Minimizando Ramificações em Árvores Geradoras,"Adalton S. Almeida, Loana T. Nogueira, Vinícius G. Pereira de Sá"
A MUTUAL ACQUAINTANCE PARTY PROBLEM,"Romulo R. Rosa, Andréa Soares Bonifácio"
Fusion Tree Sorting,"Luis A. A. Meira, Rogério H. B. de Lima"
CONHECENDO A REDE DE COAUTORIA DOS BOLSISTAS DE PRODUTIVIDADE EM PESQUISA DA ÁREA DE ENGENHARIA DE PRODUÇÃO E A SUA INFLUÊNCIA NO NÍVEL DE PRODUTIVIDADE,"Ricardo Lopes de Andrade, Leandro Chaves Rêgo"
UMA ABORDAGEM PARALELA DO ALGORITMO DE FLOYD PARA SOLUÇÃO DO PROBLEMA DO CAMINHO MÍNIMO,"Rafael Castro de Souza, Alexsandro Trindade Sales da Silva, Wilamis Kleiton Nunes da Silva, Rennê Stephany Ferreira dos Santos, Francisco Milton Mendes Neto"
PROPRIEDADES E APLICAÇÕES DE GRAFOS DE CLIQUES CRÍTICAS,"Lilian Markenzon, Christina F. E. M. Waga"
DOIS PROBLEMAS DE LAYOUT EM GRAFOS CATERPILLAR,"Carolina S. de Carvalho, Lilian Markenzon, Luziane F. de Mendonça"
A systematic review of heuristics for symmetric-matrix bandwidth reduction: methods not based on metaheuristics,"Sanderson L. Gonzaga de Oliveira, Guilherme Oliveira Chagas"
Complexidade de Resolução de Deadlocks em Grafos de Espera de Sistemas Distribuídos,"Alan Diêgo Aurélio Carneiro, Fábio Protti, Uéverton dos Santos Souza"
EXTENSÃO ÓTIMA DA REDE DE DISTRIBUIÇÃO ELÉTRICA UTILIZANDO MODELOS DE REDES DE ACESSO LOCAL,"Paulo Wagner Lopes da Silva, Henrique Pacca Loureiro Luna"
UMA ANÁLISE COMPARATIVA ENTRE A CONFIABILIDADE DE UM CONJUNTO DE REDES REAIS E OS GRAFOS DE CONFIABILIDADE ÓTIMA,"Felipe Sousa Chaves, Carla Silva Oliveira, Leonardo da Silva Lima"
Aplicação de Métodos de Busca Guiada na Exploração do Espaço de Estados de Gramáticas de Grafos,"Alexandro Souza Ramos, Maria Claudia Silva Boeres, Eduardo Zambon"
An evaluation of several heuristics for bandwidth and profile reductions to reduce the computational cost of the preconditioned Conjugate Gradient Method,"Sanderson L. Gonzaga de Oliveira, Júnior Assis Barreto Bernardes, Guilherme Oliveira Chagas"
SOBRE VÉRTICES DO ESQUELETO DO POLITOPO DE EMPARELHAMENTOS DE UM GRAFO,"Nair M. M. de Abreu, Liliana M. G. C. da Costa, Carlos H. P. do Nascimento, Laura Patuzzi"
GERAÇÃO DE COGRAFOS COM ATRASO LINEAR,"Átila Arueira Jones, Fábio Protti, Renata Raposo Del-Vecchio"
"Caracterização dos Cografos-(4,0) por Subgrafos Proibidos com Restrições Externas","Raquel Bravo, Loana Nogueira, Fábio Protti, Jeanne Leite"
Proposta e Avaliação de Novas Heurísticas Para o Problema de Coloração de Vértices,"Thalyson Gomes Nepomuceno da Silva, Leonardo Sampaio Rocha, Gerardo Valdisio Rodrigues Viana"
Algoritmos para Resolução de Deadlocks em Grafos Subcúbicos,"Alan Diêgo Aurélio Carneiro, Fábio Protti, Uéverton dos Santos Souza"
O Número Envoltório de Prismas Complementares na Convexidade Geodética,"Erika M. M. Coelho, Hebert Coelho, Julliano R. Nascimento, Jayme L. Szwarcfiter"
Sobre Cortes em Grafos Aresta-Coloridos,"Luerbio Faria, Rubens Sucupira, Sulamita Klein, Ignasi Sau, Uéverton Souza"
Um Estudo sobre a Aplicação de Ordenações Topológicas no Problema de Alcançabilidade em Grafos Grandes,"Rodrigo Ferreira da Silva, Sebastián Alberto Urrutia"
"Geração de Obstruções Minimais de Grafos-(2, 1)","Matheus Souza D'Andrea Alves, Raquel Bravo, Loana T. Nogueira, Uéverton dos Santos Souza"
ESTUDO EXPERIMENTAL DA APLICAÇÃO DE ISOMORFISMO DE GRAFOS NO PROBLEMA DE VERIFICAÇÃO DE MODELOS,"Alessandra S. Anyzewski, Maria Claudia S. Boeres, Eduardo Zambon"
Investigando Mapeamentos entre Árvores Livres e Grafos Gêmeos,"Davi Fiorese Bissoli, Marcia Helena Moreira Paiva"
RELAÇÕES ENTRE O AUMENTO DA CONECTIVIDADE ALGÉBRICA E DA CONFIABILIDADE DE REDES UTILIZANDO O VETOR DE FIEDLER COMO ESTRATÉGIA DE INSERÇÃO DE ARESTAS,"Bruno Soares Barreto, Carla Silva Oliveira"
Variantes do Problema da Árvore de Steiner Aplicados à Internet das Coisas,"Rodolfo Alves de Oliveira, Marcelo Pitanga Alves, Andressa Martins Moraes"
Uma relação entre b-coloração e teoria espectral em cografos,"Átila Arueira Jones, Fábio Protti, Renata Raposo Del-Vecchio"
Aplicação de Medidas de Centralidade ao Método Louvain para Detecção de Comunidades em Redes Sociais,"Victoria Aires, Fabiola Nakamura"
UMA NOVA CENTRALIDADE: PROXIMIDADE ESPECTRAL,"Celso M. da Silva Jr., Maria A. A. de Freitas, Renata R. Del-Vecchio"
The Carathéodory number of the $P_{3}$ convexity of Cartesian product of graphs,"Márcia R. Cappelle, Erika M. M. Coelho, Hebert Coelho"
An algorithm for minimum identifying codes in some Cartesian products of graphs,"Rafael de A. Cruz, Márcia R. Cappelle"
Algoritmos para o cálculo da distância temporal em grafos temporais,"Junot Freire, Tiago Januario, Rafael Melo"
Aumento máximo da conectividade algébrica em árvores de diâmetro maior ou igual a 4,"Anderson Chaves da Silva, Claudia M. Justel"
Resolução de Deadlocks: Complexidade e Tratabilidade Parametrizada,"Alan Diêgo Aurélio Carneiro, Fábio Protti, Uéverton dos Santos Souza"
Algoritmos e complexidade computacional de problemas de listas colorações limitadas e a propriedade da selecionabilidade em grafos,"Simone Gama, Rosiane de Freitas, Mario Salvatierra"
On the hull number for complementary prisms of connected graphs G and G,"Diane Castonguay, Erika M. M. Coelho, Hebert Coelho, Julliano R. Nascimento"
AUTOVALORES DISTÂNCIA LAPLACIANOS DE ALGUMAS CLASSES DE ÁRVORES,"Diego de Souza Maceira Belay, Maria Aguieiras Alvarez de Freitas"
ESTUDO DE IMPLEMENTAÇÕES PARALELAS PARA COLORAÇÃO DE GRAFOS EM ARQUITETURAS COM MEMÓRIA COMPARTILHADA,"Clynton Tomacheski, Anolan Milanés, Sebastián Urrutia"
Uma Heurística Adaptativa Aplicada à Minimização da Largura de Corte Em Grafos,"Vinícius Gandra Martins Santos, Marco Antonio Moreira de Carvalho"
Um Algoritmo Pseudo-polinomial para o Problema do Corte Bidimensional Guilhotinado,"Leonardo da Rocha Perazzini, Uéverton dos Santos Souza, Pedro Henrique Gonzalez"
"Caracterização por subgrafos proibidos da partição (S, T) dos grafos P4-esparsos","Fábio Silva, Raquel Bravo, Rodolfo Oliveira, Uéverton Souza"
Análise de complexidade assintótica de algoritmos em grafos por uma abordagem empírica,"Juliana M. Souza, Fabiano S. Oliveira, Valmir C. Barbosa"
An evaluation of heuristics for bandwidth and profile reductions applied to matrices ordered by a space-filling curve,"Sanderson L. Gonzaga de Oliveira, Guilherme Oliveira Chagas, Júnior Assis Barreto Bernardes"
ANÁLISE DE TOPOLOGIAS DE REDES DE TELECOMUNICAÇÕES: UMA ABORDAGEM USANDO INVARIANTES DE GRAFOS,"Débora Cristina Fortuna Lopes, Marcia Helena Moreira Paiva"
O MODELO DOS GRAFOS PARA RESOLUÇÃO DE CONFLITOS LIMIARES DE VARIAÇÃO DA INTENSIDADE DE PREFERÊNCIAS PROBABILÍSTICOS UTILIZANDO O MÉTODO DE MONTE CARLOS: ANÁLISE DE ESTABILIDADE COM A INCORPORAÇÃO NOS SISTEMAS GMCR II E GMCR +,"José Iranildo Barbosa Sales da Silva, Maria Gerliane Rodrigues Fonseca Cavalcante"
Sobre a Complexidade de Partição em Conjuntos Convexos na Convexidade de Caminho Triangular em Grafos,"Gislane Natália de Souza Miranda, Carlos Vinicius Gomes Costa Lima, Vinicius Fernandes dos Santos"
NOVOS RESULTADOS PARA O ÍNDICE DE CONECTIVIDADE DE LIGAÇÃO ATÔMICA EM GRAFOS QUE MODELAM DENDRÍMEROS,"Diego Júlio Pacheco, Leonardo Lima"
Cliques e Conjuntos Independentes em Grafos Prismas Complementares: Complexidade e Tratabilidade Parametrizada,"Priscila Camargo, Alan Diêgo Aurélio Carneiro, Uéverton dos Santos Souza"
Relações de Nordhaus-Gaddum para o raio espectral das matrizes laplaciana e laplaciana sem sinal,"Rodrigo da Cruz Grijó, Leonardo Silva de Lima, Carla Silva Oliveira"
UM ESTUDO SOBRE GRAFOS COM CONECTIVIDADE ALGÉBRICA INTEIRA,"Clarianne Luciola de A. V. M. Lucas, Maria Aguieiras A. de Freitas"
A pseudoperipheral vertex finder based on the George-Liu and Kaveh's B algorithms for small symmetric matrices,"Sanderson L. Gonzaga de Oliveira, Alexandre A. A. M. Abreu"
A Complexidade do Reconhecimento de Grafos B1-EPG-Helly,"Claudson Bornstein, Tanilson Santos, Uéverton Souza, Jayme Szwarcfiter"
UM ESTUDO SOBRE A MATRIZ DISTÂNCIA DE GRAFOS,"Joice Santos do Nascimento, Maria Aguieiras Alvarez de Freitas, Renata Raposo Del-Vecchio"
Aspectos da quase-bipartição em grafos cordais e grafos de distância-hereditária,"Rodolfo Alves de Oliveira, Raquel de Souza Francisco Bravo, Uéverton dos Santos Souza, Fábio da Silva Júnior"
ALGORITMOS PARALELOS APLICADOS NA REORDENAÇÃO DE VÉRTICES PARA REDUZIR O TEMPO DE EXECUÇÃO DE IMPLEMENTAÇÃO PARALELA DO MÉTODO DOS GRADIENTES CONJUGADOS PRECONDICIONADO,"Jean Antonio Ribeiro, Sanderson L. Gonzaga de Oliveira"
An experimental analysis of three heuristics for bandwidth reduction to speed up the incomplete Cholesky-conjugate gradient method,Sanderson L. Gonzaga de Oliveira
Uma avaliação de implementações paralelas de duas heurísticas para redução de largura de banda de matrizes,"Jean Antonio Ribeiro, Sanderson L. Gonzaga de Oliveira"
Efeitos de permutações simétricas no tempo de execução de um método direto para resolução de sistemas de equações lineares esparsos e assimétricos,"Sanderson L. Gonzaga de Oliveira, Libério M. Silva, Alexandre A. A. M. Abreu"
Emparelhamentos Desconexos em Grafos Cordais e Subclasses,"Bruno Porto Masquio, Paulo Eustaquio Duarte Pinto, Jayme Luiz Szwarcfiter"
Revisitando o Teorema de Courcelle,"Maurício da Silva Pires, Bruno Lopes Vieira, Uéverton dos Santos Souza"
Sobre a complexidade de um algoritmo clássico para escalonamento de projetos com maximização de valor presente líquido,"Isac M. Lacerda, Jayme L. Szwarcfiter, Eber A. Schmitz, Rosiane de Freitas"
Multiple Criteria Decision Analysis and Complex Networks Applied to NBA Season Leaders Study,"Vanessa Helena Pereira-Ferrero, Theodore Gyle Lewis, Luciane Graziele Pereira Ferrero, Leonardo Tomazeli Duarte"
Estudo Sobre o Uso do Framework OpenMP na Paralelização de um Algoritmo para o Problema de Busca em Largura,"Fernando P. G. Sá, Laura S. de Assis, Pedro Gonzalez, Rafaelli Coutinho, Diego Brandão, Sanderson L. Gonzaga de Oliveira"
Uma análise experimental sobre a t-admissibilidade em grafos,"Fernanda Couto, Luís Cunha, Daniel Juventude"
A comparison of pseudoperipheral vertex finders for the Reverse Cuthill-McKee method,"A. A. A. M. Abreu, J. A. B. Bernardes, S. L. Gonzaga de Oliveira"
A computational experiment with low-cost heuristics for profile reduction,"L. M. Silva, J. A. B. Bernardes, S. L. Gonzaga de Oliveira"
Identifying Subclasses of Helly B1-EPG Graphs,"Liliana Alcón, María Pía Mazzoleni, Tanilson Dias dos Santos"
Algoritmos lineares para emparelhamentos conexos,"Bruno P. Masquio, Paulo E. D. Pinto, Jayme L. Szwarcfiter"
ANÁLISE DO MERCADO FINANCEIRO VIA MEDIDAS DE CENTRALIDADE: UMA APLICAÇÃO AO ÍNDICE DOW30 DOS ESTADOS UNIDOS,"Mariana Duque Finkel, Renata Raposo Del-Vecchio"
"Limites superiores para a L(2,1)-rotulação de famílias de grafos subcúbicos","José Robertty de Freitas Costa, Atílio G. Luiz"
Caracterização e Reconhecimento em Problemas de Partição nos Cografos,"Maria Luíza López da Cruz, Raquel de Souza Francisco Bravo"
Partitioning split graphs into two trees,"Anne R. A. Federici Marinho, Loana Tito Nogueira, Luís Felipe Ignácio Cunha, Uéverton S. Souza"
Prismas complementares de cografos: uma classe 4-admissível sem exemplares 3-admissíveis,"Fernanda Couto, Luís Cunha, Ighor de Brito"
A new algorithm for the Maximum-weight Planar Subgraph Problem,"Paulo A. G. Kataki, Márcia R. Cappelle, Les R. Foulds, Humberto J. Longo"
INDEPENDENCE GAP IN GRAPHS OF GIRTH AT LEAST 6,"Márcia R. Cappelle, Marcelo C. Dias, Vinícius Gabriel Santos"
UM MÉTODO GULOSO DE SIMPLIFICAÇÃO PARA O PROBLEMA DA K-DISPERSÃO DISCRETA EM GRAFOS,"Sandro André de Menezes, André Renato Villela da Silva"
Limites para o Número Clique Orientado Relativo de Grades e Grades Cilíndricas,"Mateus de Paula Ferreira, Erika Morais Martins Coelho, Hebert Coelho da Silva"
ANÁLISE E CARACTERIZAÇÃO DE SISTEMAS AUTÔNOMOS COMO REDES COMPLEXAS,"Matheus Tavares Araujo, Filipe Emanuel Silva Costa, Raquel da Silva Cabral"
Socio-economic analysis of the administrative regions of the city of Vitória/ES using graph signal processing,"Katiuski Pereira Nascimento, Alcebíades Dal Col Júnior, Marcia Helena Moreira Paiva"
M-Particoes em Cografos,"João Thompson, Fábio Protti, Raquel Bravo, Loana Tito Nogueira"
Sobre os Números Clique Orientado Relativo e Absoluto em Algumas Classes de Grafos,"Erika Morais Martins Coelho, Hebert Coelho da Silva, Mateus de Paula Ferreira"
"Limites superiores para a rotulação-L(3,2,1) de grafos com grau máximo três","Davi Gomes Florencio, Atílio G. Luiz"
ANÁLISE DA UTILIZAÇÃO DE ÁRVORES DINÂMICAS PARA A OTIMIZAÇÃO DO ALGORITMO DE DINIC EM PROBLEMAS DE FLUXO MÁXIMO EM GRAFOS,"Felipe Kallás Silva, José Luiz da Silva Neto, Alexandre Donizeti Alves, Edmilson Marmo Moreira"
UM ALGORITMO PARA DETERMINAR UM LIMITE SUPERIOR PARA O PROBLEMA DA CONTAGEM DE INTERVALO,"Lívia Salgado Medeiros, Fabiano de Souza Oliveira, Jayme Luiz Szwarcfiter"
SOBRE ÁRVORES BROOM DE TIPO 2,"Daniel Felisberto Traciná Filho, Claudia Marcela Justel"
Avaliação empírica de algoritmos clássicos para escalonamento de projetos com maximização de valor presente líquido,"Isac M. Lacerda, Jayme L. Szwarcfiter, Eber A. Schmitz, Rosiane de Freitas"
Graph Filter 2.0: nova versão do software para filtragem de grafos.,"Lavínia Beghini de Castro, Átila Arueira Jones"
Problemas Probe e Sanduíche para Grafos Cordais: um relacionamento aleatório,"Fernanda Couto, Mariana Mendes da Silva"
Greedy Randomized Construction with Vertex Degree for the Minimum Independent Dominating Set Problem,"André Eduardo Alessi, Lucas Caldeira de Oliveira, Bruno Duarte, Marco Antonio de Castro Barbosa, Dalcimar Casanova, Ives Rene Venturini Pola, Fernanda Paula Barbosa Pola"
UTILIZAÇÃO DOS ALGORITMOS FLOYD-WARSHALL E A* NO MAPEAMENTO DE ROTAS DE HOSPITAIS COM LEITOS DE UTI COVID-19,"Wallace Duarte de Holanda, Maria Adriana Ferreira da Silva"
A conformabilidade dos grafos subcúbicos,"Luerbio Faria, Mauro Nigro, Diana Sasaki"
A constructive and improving heuristic algorithm for the maximum weight planar subgraph problem,"Rafael C. Silva, Paulo A. G. Kataki, Les R. Foulds, Humberto J. Longo"
CARACTERIZAÇÃO DE GRAFOS COM CONECTIVIDADE ALGÉBRICA MÁXIMA,"Yuri Ribeiro dos Santos, Laura Maria Silva Miranda, Átila Arueira Jones"
IDENTIFICAÇÃO TOPOLÓGICA DE FRAGILIDADES NA SUPERVISÃO DE REDES ELÉTRICAS,"Rafael Carlos Soares Lima, Milton Brown Do Coutto Filho, Julio Cesar Stachinni de Souza, Fabio Protti"
Rede Neural Hibrída para Previsão da Potência Gerada em uma Usina Fotovoltaica,"Bruna Rodrigues Vidigal, Marcia Helena Moreira Paiva, Helder Roberto de Oliveira Rocha, Marcelo Eduardo Vieira Segatto"
k-independência em grafos $P_{4}$-esparsos,"Márcia R. Cappelle, Luan César Dutra Carvalho"
REDUÇÃO DE COMPLEXIDADE EM ALGORITMO DE BUSCA DE MEDIDAS CRÍTICAS EM ESTIMAÇÃO DE ESTADO VIA GRAFOS,"Larissa Bonadiman Grassi, Marcia Helena Moreira Paiva, Helder Roberto de Oliveira Rocha"
Heuristics for t-admissibility with complex network approach,"Carlos Santos, Anderson Zudio, Leandro Santiago, Luís Cunha"
UM ESTUDO ESPECTRAL DE OPERAÇÕES ENTRE GRAFOS,"Uilton Cesar Peres Junior, Carla Silva Olivera, André Ebling Brondani"
GRAFOS OUTERPLANARES MAXIMAIS E GRAFOS 2-CAMINHO COM CONECTIVIDADE ALGÉBRICA MÁXIMA,"Claudia Marcela Justel, Rafael Leal de Paula, Daniel Botinelly Bezerril Ribeiro"
Modelo em grafo baseado nos padrões de corte para o Problema de Minimização de Pilhas Abertas,"Rafael de Magalhães Dias Frinhani, Daniel Sadamo Hirayama, Nei Yoshihiro Soma, Marco Antonio Moreira de Carvalho"
PARTICIONAMENTO DE COGRAFOS EM ÁRVORES INDUZIDAS,"Rodrigo dos Anjos Azevedo, Fábio Protti, Uéverton dos Santos Souza"
"Jogos da Posição Convexa, do Intervalo e da Envoltória em Grafos","Samuel N. Araújo, Raquel Folz, Rosiane de Freitas, João Marcos Brito, Rudini Sampaio"
Explorando os Limites de Heurísticas Construtivas para o Problema da Árvore Geradora com Número Mínimo de Ramificações,"Anderson Beltrão, Rodrigo Lamblet Mafort, Fábio Protti"
Gerando base de grafos não isomorfos com seus índices de extensão,"Felipe Souza, Leandro Santiago, Luís Cunha"
Particionamento de grafos em um conjunto independente e uma floresta: Características estruturais e algoritmos,"Maria Luíza López da Cruz, Raquel de Souza Francisco Bravo, Rodolfo A. Oliveira, Uéverton dos Santos Souza"
Uma Heurística Gulosa para Seleção de Conjunto Alvo em Redes Sociais,"Braully Rocha da Silva, Erika Morais Martins Coelho, Hebert Coelho da Silva, Fábio Protti"
A CONTAGEM DE INTERVALO DE UMA CLASSE DE GRAFOS SPLIT,"Lívia Salgado Medeiros, Fabiano de Souza Oliveira, Jayme Luiz Szwarcfiter"
H-PARTIÇÕES DE GRAFOS,"Arnaldo Cesar Almeida Oliveira, Fábio Protti, Uéverton dos Santos Souza"
Um novo conjunto de instâncias para o problema de particionamento de arestas em distritos eulerianos,"Mayron César O. Moreira, Kali N. Ferreira, Marcos José P. Salles, Álvaro M. Espíndola, Andreza C. Beezão"
Tempo de Iteração e Número de Posição Geral em Convexidade de Grafos,"Júlio Araújo, Mitre C. Dourado, Fábio Protti, Rudini M. Sampaio"
Twin-treewidth: uma abordagem de tempo exponencial simples para problemas em grafos baseada em lógica modal,"Maurício da Silva Pires, Uéverton dos Santos Souza, Bruno Lopes Vieira"
Novas invariantes para 1-fatorações do grafo $K_{2n}$,"Saulo Matos, Rafael A. Melo, Tiago Januario, Sebastián Urrutia"
Valid Path Numberings in Circulant Graphs,"Gustavo M. Leal, Les R. Foulds, Humberto J. Longo, Hebert C. Silva"
Jogos baseados em torres de diferentes capacidade,"Lia Martins, Rosiane de Freitas"
Sobre a Complexidade do Problema Clique Cover em Representações {L}-EPG,"Kedson Alves Silva, Tanilson Dias dos Santos, Uéverton dos Santos Souza"
Processos Reversíveis em Grafos Densos,"Isac Costa, Carlos V.G.C. Lima"
Estratégias vencedoras para jogos de convexidade em grafos,"João Marcos Brito, Rudini Sampaio"
DIFFERENTIAL EVOLUTION FOR GRAPH COLORING PROBLEM,"Israel Pereira de Souza, Igor Machado Coelho, Luiz Satoru Ochi"
Algorithms for Super-coloring in Directed Graphs,"Wesly Carmesini Ataide, Rafael de Santiago, Álvaro Junio Pereira Franco"
ANÁLISE DE ATIVOS FINANCEIROS VIA GRAFOS DE MERCADO: UM ESTUDO NO CONTEXTO DA REGIÃO SUL DO BRASIL,"Felipe Boschetti, Andrei de A. S. Braga, Geomar A. Schreiner, Giancarlo D. Salton"
UMA ABORDAGEM PARA O PROBLEMA DA ÁRVORE GERADORA MÍNIMA COM RESTRIÇÃO DE DIÂMETRO VIA METAHEURÍSTICA BRKGA,"Robson Pires Borges, Heitor Nunes Costa, Dario José Aloise, Fábio Francisco da Costa Fontes, Andréa Cynthia Santos, Josicleyton Azevedo dos Santos"
LOCALLY IDENTIFYING COLORING OF CORONA PRODUCTS: COMPLEXITY AND STRUCTURAL RESULTS,"Robson Medrado de Oliveira, Márcia Rodrigues Cappelle, Hebert Coelho da Silva, Julliano Rosa Nascimento"
Determinando distâncias e consensos entre árvores,"Thiago Lopes Nascimento, Luís Felipe Ignácio Cunha"
A GRASP heuristic for the maximum-weight planar subgraph problem,"Rafael Castro, Wellington Martins, Les Foulds, Humberto Longo"
Sobre Grafos de Intervalo Representados como Interseções de Caminhos de Tamanho Unitário em Formato de L,"Kedson Alves Silva, Uéverton dos Santos Souza"
HEURÍSTICAS PARA BUSCA DE ÁRVORES DE STEINER MÍNIMAS: COMPARAÇÃO DA HEURÍSTICA KMB E HEURÍSTICAS COM MEDIDAS DE CENTRALIDADE DE ARESTA,"Alayna Marcia Garcia Conceição, Ana Luísa Carvalho Furtado, Celso Marques da Silva Junior"
Número de P3-Carathéodory em Grafos Circulantes,"Braully Rocha da Silva, Erika Morais Martins Coelho, Hebert Coelho da Silva"
DESCOMPOSICIÓN DE UNA FIGURA POLIGONAL SIN HUECOS EN UN CONJUNTO DE POLÍGONOS CONVEXOS POR MEDIO DE UN ALGORITMO EXACTO Y UNO APROXIMADO,"Johana Milena Martínez Contreras, David Álvarez Martínez, Germán Pantoja Benavides"
Spectral Graph Theory and the Normal Modes of Coupled Oscillations,"Felipe Costa Melo Cunha, Ivan Guilhon, Samuel Madeiro, Antônio José da Costa Sampaio, Rudini Menezes Sampaio"
Jogos Partizan de Convexidade de Grafos,"Samuel N. Araújo, Raquel Folz, Rosiane de Freitas, João Marcos Brito, Rudini Sampaio"
Maximising the quantity of valid 2-paths on cographs,"Gustavo M. Leal, Humberto J. Longo, Hebert C. Silva, Les R. Foulds"
Limites para o número de Carathéodory em Grafos de Hamming,"Braully Rocha da Silva, Erika Morais Martins Coelho, Hebert Coelho da Silva, Simone Dantas"
Harmony by Order: Constructive Heuristics for Harmonious Graph Coloring with a Color Availability Dictionary,"Tasso A. T. Pimenta, Marcio Costa Santos"
Independent identifying codes: complexity and closed formulas for some graph classes,"Dayllon Xavier, Márcia Cappelle, Erika Coelho, Les R. Foulds, Humberto Longo"
On Mathematical Models for the Maximum d-Cut Problem,"Lorenzo dos Santos Corrêa, Marcio Costa Santos, Guilherme C. M. Gomes"
Problemas de consensos para árvores de mutação,"Thiago Lopes Nascimento, Luís Felipe Ignácio Cunha"
Role Assignments in some Circulant Graphs,"Maria Heloísa de Paula Souza, Diane Castoguay, Julliano Rosa Nascimento"
Sobre a 4-atribuição de papéis para produto forte de grafos,"Gustavo Morais Medeiros, Julliano Rosa Nascimento"
Abordagens Computacionais para o Gold Grabbing Game,"Heitor Melo de Lucas Brandão, Hebert Coelho da Silva"
Caracterização topológica de dendrímeros via índices complementares: uma abordagem matemático-estrutural,"Diego Julio Pacheco, Vitor S. Ponciano, Rafael Oliveira, Augusto Parisot"
NÚMERO CROMÁTICO ANTIMÁGICO LOCAL DE DUPLAS VASSOURAS DE DIÂMETRO NO MÁXIMO 4,"Lara Rodrigues Ventura, André Ebling Brondani, Francisca Andrea Macedo França"
Investigando a Lavagem de Dinheiro com Teoria dos Grafos: Algoritmos e Treewidth em Redes Financeiras,"Samuel Eduardo da Silva, Renata Nunes Velozo, Luís Felipe Ignácio Cunha, Fábio Protti, Rubén Interian, Uéverton S. Souza, Raphael Carlos Santos Machado"
HEURÍSTICA COLÔNIA DE FORMIGAS APLICADA À LOGÍSTICA EMERGENCIAL,"João Pedro da Silva Cerqueira, Rodrigo Freitas Sá Barretto, Islame Felipe da Costa Fernandes"